{"cameraMode":{"drawMode":0,"name":"Shaded","section":"Shading Mode"},"sceneLighting":true,"audioPlay":false,"sceneViewState":{"m_AlwaysRefresh":false,"showFog":true,"showSkybox":true,"showFlares":true,"showImageEffects":true,"showParticleSystems":true,"showVisualEffectGraphs":true,"m_FxEnabled":true},"in2DMode":false,"pivot":{"x":-0.6962380409240723,"y":-7.231268405914307,"z":9.509937286376954},"rotation":{"x":-0.29009318351745608,"y":0.0033957359846681358,"z":-0.0012003720039501787,"w":-0.9570450782775879},"size":9.951837539672852,"orthographic":false}