{"cameraMode":{"drawMode":0,"name":"Shaded","section":"Shading Mode"},"sceneLighting":true,"audioPlay":false,"sceneViewState":{"m_AlwaysRefresh":false,"showFog":true,"showSkybox":true,"showFlares":true,"showImageEffects":true,"showParticleSystems":true,"showVisualEffectGraphs":true,"m_FxEnabled":true},"in2DMode":false,"pivot":{"x":-0.6361364722251892,"y":-6.37900447845459,"z":3.932349681854248},"rotation":{"x":-0.4634009301662445,"y":-0.0048739053308963779,"z":0.002337696962058544,"w":-0.8861849308013916},"size":9.951837539672852,"orthographic":false}